Correct Email,Correct Password,Firefox
Correct Email,Correct Password, Edge
Correct Email,Correct Password, Chrome
Correct Email,Correct Password, iOS
Correct Email,Correct Password, Android
Correct Email, Incorrect Password,Firefox
Correct Email, Incorrect Password, Edge
Correct Email, Incorrect Password, Chrome
Correct Email, Incorrect Password, iOS
Correct Email, Incorrect Password, Android
 Incorrect Email,Correct Password,Firefox
 Incorrect Email,Correct Password, Edge
 Incorrect Email,Correct Password, Chrome
 Incorrect Email,Correct Password, iOS
 Incorrect Email,Correct Password, Android
 Incorrect Email, Incorrect Password,Firefox
 Incorrect Email, Incorrect Password, Edge
 Incorrect Email, Incorrect Password, Chrome
 Incorrect Email, Incorrect Password, iOS
 Incorrect Email, Incorrect Password, Android
